Workbook
Name _IDX13: #N/A
Name _IDX19: #N/A
Name _IDX20: #N/A
Name _IDX21: #N/A
Name _IDX22: #N/A
Name _IDX23: #N/A
Name _IDX29: #N/A
Name _IDX30: #N/A
Name _IDX36: #N/A
Name _IDX37: #N/A
Name _IDX38: #N/A
Name _IDX7: #N/A
Name DEE: #REF!
Name DEE: #REF!
Name DEE: #REF!
Name DEE: #REF!
Name DEE: #REF!
Name DEE: #REF!
Name DEE: #REF!
Name DEE: #REF!
Name DEE: #REF!
Name DEFM: #REF!
Name DEFM: #REF!
Name DEFM: #REF!
Name DEFM: #REF!
Name DEFM: #REF!
Name DEFM: #REF!
Name DEFM: #REF!
Name DEFM: #REF!
Name DEFM: #REF!
Name DES: #REF!
Name DES: #REF!
Name DES: #REF!
Name DES: #REF!
Name DES: #REF!
Name DES: #REF!
Name DES: #REF!
Name DES: #REF!
Name HTML_1: #N/A
Name HTML_2: #N/A
Name HTML_all: #N/A
Name HTML_tables: #N/A
Name IDX: #N/A

Sheet Sommaire
A1: Données de l'Insee Références « Emploi, chômage, revenus du travail », édition 2026 Dossier 1 « Les chômeurs au sens du BIT et les inscrits à France Travail en catégorie A : l’écart se réduit entre 2021 et 2024 mais demeure élevé »
A3: ='Figure 1'!A1 -> Figure 1 – Nombre de chômeurs au sens du BIT et d’inscrits à France Travail en catégorie A, de 2012 à 2025
A5: ='Figure 2'!A1 -> Figure 2 – Répartition des personnes selon leur statut d'activité au sens du BIT et leur catégorie d'inscription à France Travail en 2024
A7: ='Figure 3'!A1 -> Figure 3 – Caractéristiques des inscrits à France Travail en catégorie A et inactifs ou en emploi au sens du BIT en 2024
A9: ='Figure 4'!A1 -> Figure 4 – Caractéristiques des inactifs dans le halo du chômage et hors du halo en 2024, selon l'âge et la catégorie d'inscription à France Travail
A11: ='Figure 5'!A1 -> Figure 5 – Situation des personnes au trimestre T+1 selon leur situation au trimestre T de 2024, selon le statut au sens du BIT et la catégorie d'inscription à France Travail
A13: ='Figure 6'!A1 -> Figure 6 – Répartition selon le statut d'activité au sens du BIT et la catégorie d'inscription à France Travail, par âge en 2024
A15: ='Figure 7'!A1 -> Figure 7 – Caractéristiques des chômeurs au sens du BIT en 2024, selon la catégorie d’inscription à France Travail
A17: ='Figure 8'!A1 -> Figure 8 – Évolution du nombre de personnes inscrites à France Travail en catégorie A ou au chômage au sens du BIT entre 2021 et 2024
A19: ='Méthodes – Figure'!A1 -> Méthodes Figure – Nombre de chômeurs au sens du BIT et d’inscrits à France Travail en catégorie A de 2016 à 2024, selon la source employée
A21: ='Encadré 2 – Figure'!A1 -> Encadré 2 Figure – Évolution de la répartition des inscrits à France Travail en catégorie A, selon le statut au sens du BIT et l'appariement retenu, de 2013 à 2024
A23: ='Encadré 3 – Figure A'!A1 -> Encadré 3 Figure A – Statut d'emploi antérieur des personnes au chômage ou dans le halo du chômage en 2024, selon l'âge et la catégorie d'inscription à France Travail
A25: ='Encadré 3 – Figure B'!A1 -> Encadré 3 Figure B – Inscription à France Travail et recherche active d'emploi des personnes au chômage ou dans son halo en 2024, et variation par rapport à 2021, selon l'âge

Sheet Figure 1
A1: Figure 1 – Nombre de chômeurs au sens du BIT et d’inscrits à France Travail en catégorie A, de 2012 à 2025
O2: en millions de personnes, en moyenne sur l’année
A3: Catégorie | B3: 2012 | C3: =1+B3 -> 2013 | D3: =1+C3 -> 2014 | E3: =1+D3 -> 2015 | F3: =1+E3 -> 2016 | G3: =1+F3 -> 2017 | H3: =1+G3 -> 2018 | I3: =1+H3 -> 2019 | J3: =1+I3 -> 2020 | ... O3: =1+N3 -> 2025
A4: Chômeurs au sens du BIT | B4: 2.9 | C4: 3 | D4: 3 | E4: 3.1 | F4: 3 | G4: 2.8 | H4: 2.7 | I4: 2.5 | J4: 2.4 | K4: 2.4 | L4: 2.2 | M4: 2.3 | N4: 2.3 | O4: 2.4
A5: Inscrits en catégorie A à France Travail | B5: 3.2 | C5: 3.5 | D5: 3.7 | E5: 3.8 | F5: 3.8 | G5: 3.7 | H5: 3.7 | I5: 3.6 | J5: 3.9 | K5: 3.6 | L5: 3.1 | M5: 3 | N5: 3 | O5: 3.3
A6: Lecture : En 2024, en moyenne, 2,3 millions de personnes sont au chômage au sens du BIT et 3,0 millions sont inscrites en catégorie A à France Travail.
A7: Champ : France hors Mayotte, personnes âgées de 15 à 64 ans (et vivant dans un logement ordinaire pour l'enquête Emploi).
A8: Sources : Insee, enquête Emploi (séries longues) ; Dares-France Travail, Statistiques du marché du travail.

Sheet Figure 2
A1: Figure 2 – Répartition des personnes selon leur statut d'activité au sens du BIT et leur catégorie d'inscription à France Travail en 2024
A3: Statut d'activité au sens du BIT | B3: Catégorie A | C3: Catégorie B | D3: Catégorie C | E3: Catégorie D | F3: Catégorie E | G3: Non inscrits | H3: Ensemble
A4: En milliers de personnes
A5: En emploi | B5: 236 | C5: 645 | D5: 1505 | E5: 82 | F5: 405 | G5: 25491 | H5: 28364
A6: Chômeur | B6: 1427 | C6: 184 | D6: 56 | E6: 74 | F6: 25 | G6: 524 | H6: 2290
A7: Inactif dans le halo | B7: 727 | C7: 61 | D7: 22 | E7: 118 | F7: 17 | G7: 895 | H7: 1840
A8: Inactif hors halo | B8: 503 | C8: 33 | D8: 15 | E8: 105 | F8: 10 | G8: 7969 | H8: 8635
A9: Ensemble | B9: 2893 | C9: 923 | D9: 1597 | E9: 378 | F9: 457 | G9: 34878 | H9: 41128
A10: Part dans le statut BIT (en %)
A11: En emploi | B11: 1 | C11: 2 | D11: 5 | E11: 0 | F11: 1 | G11: 90 | H11: 100
A12: Chômeur | B12: 62 | C12: 8 | D12: 2 | E12: 3 | F12: 1 | G12: 23 | H12: 100
A13: Inactif dans le halo | B13: 40 | C13: 3 | D13: 1 | E13: 6 | F13: 1 | G13: 49 | H13: 100
A14: Inactif hors halo | B14: 6 | C14: 0 | D14: 0 | E14: 1 | F14: 0 | G14: 92 | H14: 100
A15: Ensemble | B15: 7 | C15: 2 | D15: 4 | E15: 1 | F15: 1 | G15: 85 | H15: 100
A16: Part dans la catégorie d'inscription (en %)
A17: En emploi | B17: 8 | C17: 70 | D17: 94 | E17: 22 | F17: 89 | G17: 73 | H17: 69
A18: Chômeur | B18: 49 | C18: 20 | D18: 4 | E18: 20 | F18: 6 | G18: 2 | H18: 6
A19: Inactif dans le halo | B19: 25 | C19: 7 | D19: 1 | E19: 31 | F19: 4 | G19: 3 | H19: 5
A20: Inactif hors halo | B20: 17 | C20: 4 | D20: 1 | E20: 28 | F20: 2 | G20: 23 | H20: 21
A21: Ensemble | B21: 100 | C21: 100 | D21: 100 | E21: 100 | F21: 100 | G21: 100 | H21: 100
A22: Lecture : En moyenne en 2024, 1,427 million de personnes sont au chômage au sens du BIT et inscrites en catégorie A à France Travail. 62 % des chômeurs au sens du BIT sont inscrits en catégorie A et 49 % des inscrits en catégorie A sont chômeurs au sens du BIT.
A23: Champ : France hors Mayotte, personnes âgées de 15 à 64 ans, vivant dans un logement ordinaire.
A24: Source : Dares-Insee-France Travail, appariement du Fichier historique statistique et de l'enquête Emploi.

Sheet Figure 3
A1: Figure 3 – Caractéristiques des inscrits à France Travail en catégorie A et inactifs ou en emploi au sens du BIT en 2024
H2: en %
A3: Caractéristiques | B3: Inscrits en catégorie A et non chômeurs | E3: Inscrits en catégorie A | F3: Inactifs dans le halo | G3: Inactifs hors halo | H3: En emploi
B4: Inactifs dans le halo | C4: Inactifs hors halo | D4: En emploi
A5: Nombre d'individus (en milliers) | B5: 727 | C5: 503 | D5: 236 | E5: 2893 | F5: 1840 | G5: 8635 | H5: 28364
A6: En part de la catégorie A | B6: 25 | C6: 17 | D6: 8 | E6: 100 | F6: /// | G6: /// | H6: ///
A7: En part du statut d'activité au sens du BIT | B7: 40 | C7: 6 | D7: 1 | E7: /// | F7: 100 | G7: 100 | H7: 100
A8: Femmes | B8: 59 | C8: 62 | D8: 46 | E8: 53 | F8: 57 | G8: 57 | H8: 49
A9: Hommes | B9: 41 | C9: 38 | D9: 54 | E9: 47 | F9: 43 | G9: 43 | H9: 51
A10: De 15 à 24 ans, dont : | B10: 12 | C10: 12 | D10: 14 | E10: 15 | F10: 31 | G10: 46 | H10: 10
A11: En cours d'études | B11: 1 | C11: 4 | D11: 2 | E11: 1 | F11: 19 | G11: 41 | H11: 4
A12: De 25 à 49 ans | B12: 61 | C12: 46 | D12: 61 | E12: 57 | F12: 48 | G12: 16 | H12: 59
A13: De 50 à 64 ans | B13: 27 | C13: 42 | D13: 24 | E13: 29 | F13: 20 | G13: 38 | H13: 32
A14: Se déclare spontanément chômeur | B14: 74 | C14: 40 | D14: 15 | E14: 72 | F14: 44 | G14: 4 | H14: 1
A15: Se déclare spontanément en emploi | B15: 0 | C15: 1 | D15: 74 | E15: 7 | F15: 2 | G15: 1 | H15: 94
A16: Se déclare spontanément inactif | B16: 26 | C16: 60 | D16: 11 | E16: 21 | F16: 54 | G16: 96 | H16: 5
A17: Se déclare inscrit à France Travail | B17: 96 | C17: 80 | D17: 58 | E17: 92 | F17: 49 | G17: 7 | H17: 9
A18: Se déclare indemnisé par l'assurance chômage | B18: 52 | C18: 42 | D18: 22 | E18: 53 | F18: 27 | G18: 3 | H18: 3
A19: Ancienneté moyenne d'inscription à France Travail¹ (en mois) | B19: 18 | C19: 23 | D19: 18 | E19: 19 | F19: /// | G19: /// | H19: ///
A20: Travaille ou a déjà travaillé² | B20: 92 | C20: 89 | D20: 100 | E20: 93 | F20: 78 | G20: 56 | H20: 100
A21: En CDI | B21: 41 | C21: 46 | D21: 37 | E21: 41 | F21: 32 | G21: 33 | H21: 74
A22: En CDD ou en intérim | B22: 44 | C22: 38 | D22: 35 | E22: 44 | F22: 37 | G22: 17 | H22: 10
A23: En alternance | B23: 3 | C23: 2 | D23: 5 | E23: 4 | F23: 3 | G23: 1 | H23: 3
A24: Non-salarié, dont : | B24: 3 | C24: 2 | D24: 24 | E24: 5 | F24: 5 | G24: 4 | H24: 13
A25: Micro-entrepreneur | B25: /// | C25: /// | D25: 14 | E25: /// | F25: /// | G25: /// | H25: 4
A26: /// : absence de résultats.
A27: 1. L’ancienneté est mesurée par la durée pendant laquelle la personne a été inscrite à France Travail de façon continue, selon trois groupes : catégorie A, B ou C, catégorie D, catégorie E. Une sortie d’au moins un jour de l'un de ces trois groupes réinitialise l’ancienneté.
A28: 2. Nature actuelle de l'emploi pour les personnes en emploi au moment de l'enquête, antérieure pour les personnes inactives ou au chômage au moment de l'enquête et ayant déjà travaillé. L'information relative aux micro-entrepreneurs n'est disponible que pour les personnes actuellement en emploi.
A29: Lecture : En 2024, parmi les 727 000 inscrits en catégorie A à France Travail et dans le halo du chômage au sens du BIT, 59 % sont des femmes et 12 % sont âgés de 15 à 24 ans.
A30: Champ : France hors Mayotte, personnes en emploi ou inactives au sens du BIT ou inscrites à France Travail en catégorie A, âgées de 15 à 64 ans, vivant dans un logement ordinaire.
A31: Source : Dares-Insee-France Travail, appariement du Fichier historique statistique et de l'enquête Emploi.

Sheet Figure 4
A1: Figure 4 – Caractéristiques des inactifs dans le halo du chômage et hors du halo en 2024, selon l'âge et la catégorie d'inscription à France Travail
M2: en %
A3: Caractéristiques | B3: Halo autour du chômage | H3: Inactivité hors halo
B4: De 50 à 64 ans | E4: Ensemble | H4: De 50 à 64 ans | K4: Ensemble
B5: Catégorie A | C5: Catégories B à E | D5: Non inscrits | E5: Catégorie A | F5: Catégories B à E | G5: Non inscrits | H5: Catégorie A | I5: Catégories B à E | J5: Non inscrits | K5: Catégorie A | L5: Catégories B à E | M5: Non inscrits
A6: Nombre d'individus (en milliers) | B6: 199 | C6: 48 | D6: 128 | E6: 727 | F6: 217 | G6: 895 | H6: 212 | I6: 29 | J6: 3044 | K6: 503 | L6: 163 | M6: 7969
A7: En part de la classe d'âge | B7: 2 | C7: 0 | D7: 1 | E7: 2 | F7: 1 | G7: 2 | H7: 2 | I7: 0 | J7: 23 | K7: 1 | L7: 0 | M7: 19
A8: En part de la catégorie d'inscription | B8: 7 | C8: 1 | D8: 0 | E8: 25 | F8: 7 | G8: 3 | H8: 7 | I8: 1 | J8: 9 | K8: 17 | L8: 5 | M8: 23
A9: En part du statut d'activité | B9: 11 | C9: 3 | D9: 7 | E9: 39 | F9: 12 | G9: 49 | H9: 2 | I9: 0 | J9: 35 | K9: 6 | L9: 2 | M9: 92
A10: Composantes du halo du chômage
A11: A recherché, mais n'est pas disponible | B11: 28 | C11: 23 | D11: 8 | E11: 33 | F11: 32 | G11: 26 | H11: /// | I11: /// | J11: /// | K11: /// | L11: /// | M11: ///
A12: Souhaite travailler et est disponible, mais n’a pas recherché | B12: 45 | C12: 38 | D12: 41 | E12: 39 | F12: 31 | G12: 31 | H12: /// | I12: /// | J12: /// | K12: /// | L12: /// | M12: ///
A13: Souhaite travailler, mais n'est pas disponible et n'a pas recherché | B13: 27 | C13: 40 | D13: 51 | E13: 29 | F13: 37 | G13: 44 | H13: /// | I13: /// | J13: /// | K13: /// | L13: /// | M13: ///
A14: Motif d’inactivité
A15: Invalidité, problèmes de santé | B15: 41 | C15: 23 | D15: 45 | E15: 25 | F15: 11 | G15: 17 | H15: 63 | I15: 37 | J15: 29 | K15: 42 | L15: 12 | M15: 17
A16: S’occuper de sa famille, de son foyer | B16: 8 | C16: 3 | D16: 12 | E16: 19 | F16: 8 | G16: 15 | H16: 8 | I16: 7 | J16: 10 | K16: 24 | L16: 11 | M16: 11
A17: Retraite | B17: 2 | C17: 2 | D17: 11 | E17: 1 | F17: 1 | G17: 2 | H17: 20 | I17: 13 | J17: 59 | K17: 8 | L17: 2 | M17: 23
A18: Études, formations | B18: 7 | C18: 34 | D18: 2 | E18: 13 | F18: 45 | G18: 42 | H18: 2 | I18: 28 | J18: 0 | K18: 14 | L18: 63 | M18: 47
A19: Motifs temporaires¹ | B19: 27 | C19: 30 | D19: 20 | E19: 34 | F19: 30 | G19: 18 | H19: 7 | I19: 14 | J19: 1 | K19: 11 | L19: 11 | M19: 1
A20: Découragement | B20: 14 | C20: 8 | D20: 10 | E20: 9 | F20: 5 | G20: 5 | H20: /// | I20: /// | J20: /// | K20: /// | L20: /// | M20: ///
A21: Autres motifs ou motifs non renseignés | B21: 0 | C21: 1 | D21: 1 | E21: 1 | F21: 1 | G21: 1 | H21: 0 | I21: 1 | J21: 1 | K21: 1 | L21: 1 | M21: 1
A22: /// : absence de résultats.
A23: 1. Vacances, déménagement, attente de résultats de démarches antérieures, maladie de courte durée.
A24: Note : Le motif d’inactivité a été reconstruit à partir des différents motifs de ne pas avoir recherché d’emploi, de ne pas être disponible ou de ne pas souhaiter travailler, ainsi que par quelques modalités du statut spontanément déclaré afin de limiter autant que possible la modalité « autres motifs ». L’étude des libellés en clair a aussi permis de reclasser un grand nombre de motifs « autres » dans la liste des motifs précédents.
A25: Lecture : En 2024, parmi les 199 000 personnes âgées de 50 à 64 ans dans le halo autour du chômage et inscrites en catégorie A, 28 % sont à la recherche d'un emploi mais ne sont pas disponibles pour en occuper un et 41 % justifient leur inactivité par une invalidité ou des problèmes de santé.
A26: Champ : France hors Mayotte, inactifs au sens du BIT âgés de 15 à 64 ans, vivant dans un logement ordinaire.
A27: Source : Dares-Insee-France Travail, appariement du Fichier historique statistique et de l'enquête Emploi.

Sheet Figure 5
A1: Figure 5 – Situation des personnes au trimestre T+1 selon leur situation au trimestre T de 2024, selon le statut au sens du BIT et la catégorie d'inscription à France Travail
P2: en % de la situation en T, en moyenne sur l’année 2024
A3: Situation au trimestre T | B3: Nombre (en milliers) | C3: Chômage | G3: Emploi | K3: Halo autour du chômage | N3: Inactivité hors halo
C4: Catégorie A | D4: Catégorie B ou C | E4: Catégorie D ou E | F4: Non inscrit | G4: Catégorie A | H4: Catégorie B, C ou E | I4: Catégorie D | J4: Non inscrit | K4: Catégorie A | L4: Catégorie B, C, D ou E | M4: Non inscrit | N4: Catégorie A | O4: Catégorie B, C, D ou E | P4: Non inscrit
A5: Chômage
A6: Catégorie A | B6: 1427 | C6: 53 | D6: 5 | E6: 1 | F6: 1 | G6: 1 | H6: 15 | I6: 0 | J6: 4 | K6: 12 | L6: 2 | M6: 1 | N6: 5 | O6: 1 | P6: 1
A7: Catégorie B ou C | B7: 240 | C7: 18 | D7: 16 | E7: 2 | F7: 1 | G7: 2 | H7: 44 | I7: 0 | J7: 6 | K7: 4 | L7: 4 | M7: 0 | N7: 1 | O7: 2 | P7: 1
A8: Catégorie D ou E | B8: 99 | C8: 10 | D8: 2 | E8: 30 | F8: 1 | G8: 0 | H8: 23 | I8: 7 | J8: 3 | K8: 5 | L8: 13 | M8: 0 | N8: 1 | O8: 6 | P8: 1
A9: Non inscrit | B9: 524 | C9: 2 | D9: 0 | E9: 0 | F9: 24 | G9: 0 | H9: 1 | I9: 0 | J9: 35 | K9: 1 | L9: 0 | M9: 13 | N9: 1 | O9: 0 | P9: 25
A10: Emploi
A11: Catégorie A | B11: 236 | C11: 10 | D11: 3 | E11: 0 | F11: 0 | G11: 32 | H11: 30 | I11: 1 | J11: 13 | K11: 5 | L11: 1 | M11: 0 | N11: 2 | O11: 2 | P11: 1
A12: Catégorie B, C ou E | B12: 2555 | C12: 4 | D12: 3 | E12: 1 | F12: 0 | G12: 2 | H12: 76 | I12: 1 | J12: 8 | K12: 2 | L12: 1 | M12: 0 | N12: 1 | O12: 0 | P12: 0
A13: Catégorie D | B13: 82 | C13: 6 | D13: 2 | E13: 6 | F13: 0 | G13: 3 | H13: 19 | I13: 45 | J13: 7 | K13: 1 | L13: 5 | M13: 0 | N13: 1 | O13: 3 | P13: 0
A14: Non inscrit | B14: 25491 | C14: 0 | D14: 0 | E14: 0 | F14: 1 | G14: 0 | H14: 0 | I14: 0 | J14: 96 | K14: 0 | L14: 0 | M14: 0 | N14: 0 | O14: 0 | P14: 1
A15: Halo autour du chômage
A16: Catégorie A | B16: 727 | C16: 28 | D16: 3 | E16: 1 | F16: 0 | G16: 1 | H16: 8 | I16: 0 | J16: 2 | K16: 41 | L16: 3 | M16: 1 | N16: 9 | O16: 1 | P16: 2
A17: Catégorie B, C, D ou E | B17: 218 | C17: 10 | D17: 5 | E17: 8 | F17: 0 | G17: 1 | H17: 20 | I17: 3 | J17: 4 | K17: 9 | L17: 25 | M17: 1 | N17: 6 | O17: 8 | P17: 1
A18: Non inscrit | B18: 895 | C18: 1 | D18: 0 | E18: 0 | F18: 10 | G18: 0 | H18: 0 | I18: 0 | J18: 14 | K18: 2 | L18: 1 | M18: 41 | N18: 0 | O18: 0 | P18: 30
A19: Inactivité hors halo
A20: Catégorie A | B20: 503 | C20: 10 | D20: 1 | E20: 0 | F20: 0 | G20: 1 | H20: 4 | I20: 0 | J20: 1 | K20: 16 | L20: 2 | M20: 0 | N20: 55 | O20: 4 | P20: 8
A21: Catégorie B, C, D ou E | B21: 163 | C21: 6 | D21: 5 | E21: 4 | F21: 1 | G21: 1 | H21: 7 | I21: 4 | J21: 1 | K21: 6 | L21: 14 | M21: 0 | N21: 10 | O21: 39 | P21: 3
A22: Non inscrit | B22: 7969 | C22: 0 | D22: 0 | E22: 0 | F22: 2 | G22: 0 | H22: 0 | I22: 0 | J22: 4 | K22: 0 | L22: 0 | M22: 4 | N22: 0 | O22: 0 | P22: 90
A23: Lecture : En 2024, 53 % des inscrits en catégorie A à France Travail et au chômage au sens du BIT sont dans la même situation le trimestre suivant.
A24: Champ : France hors Mayotte, personnes âgées de 15 à 64 ans, vivant dans un logement ordinaire.
A25: Source : Dares-Insee-France Travail, appariement du Fichier historique statistique et de l'enquête Emploi.

Sheet Figure 6
A1: Figure 6 – Répartition selon le statut d'activité au sens du BIT et la catégorie d'inscription à France Travail, par âge en 2024
K2: en %
A3: Âge | B3: Chômeurs et catégorie A | C3: Chômeurs non inscrits | D3: En emploi et catégories B, C et E | E3: En emploi non inscrits | F3: Halo et catégorie A | G3: Halo non inscrits | H3: Inactifs hors halo et catégorie A | I3: Inactifs hors halo non inscrits | J3: Inscrits en catégorie D | K3: Autres
A4: 15 | B4: 0 | C4: 0.6 | D4: 0 | E4: 3.6 | F4: 0 | G4: 4 | H4: 0 | I4: 91.8 | J4: 0 | K4: 0
A5: 16 | B5: 0.1 | C5: 2 | D5: 0 | E5: 6.2 | F5: 0.1 | G5: 5.7 | H5: 0.3 | I5: 85.7 | J5: 0 | K5: 0
A6: 17 | B6: 0.4 | C6: 3.8 | D6: 0 | E6: 9.8 | F6: 0.5 | G6: 8 | H6: 0.2 | I6: 77.2 | J6: 0.1 | K6: 0.1
A7: 18 | B7: 1.7 | C7: 6.9 | D7: 0.6 | E7: 20.4 | F7: 0.7 | G7: 9.3 | H7: 0.6 | I7: 59.3 | J7: 0.5 | K7: 0.3
A8: 19 | B8: 2.2 | C8: 7.3 | D8: 2 | E8: 29 | F8: 0.9 | G8: 7.4 | H8: 0.8 | I8: 48.6 | J8: 0.7 | K8: 1.1
A9: 20 | B9: 3.3 | C9: 6.2 | D9: 3.2 | E9: 37.3 | F9: 1 | G9: 6.8 | H9: 1.1 | I9: 38.2 | J9: 1.1 | K9: 1.7
A10: 21 | B10: 5 | C10: 4.7 | D10: 4 | E10: 47.1 | F10: 1 | G10: 5.7 | H10: 1.1 | I10: 28.3 | J10: 1 | K10: 2.3
A11: 22 | B11: 5.8 | C11: 3.8 | D11: 4.6 | E11: 52.5 | F11: 2 | G11: 4.8 | H11: 1.4 | I11: 21 | J11: 1.4 | K11: 2.7
A12: 23 | B12: 7.2 | C12: 3.2 | D12: 6.4 | E12: 54.6 | F12: 2.9 | G12: 3.7 | H12: 1.5 | I12: 15 | J12: 2.7 | K12: 2.7
A13: 24 | B13: 6.9 | C13: 3.3 | D13: 7.5 | E13: 63.4 | F13: 2.3 | G13: 2.7 | H13: 1.1 | I13: 8.8 | J13: 1.9 | K13: 2.1
A14: 25 | B14: 5.7 | C14: 1.8 | D14: 7.9 | E14: 68.9 | F14: 2.7 | G14: 2 | H14: 1.2 | I14: 6.6 | J14: 1.2 | K14: 2.1
A15: 26 | B15: 6.4 | C15: 1.6 | D15: 9.2 | E15: 68.5 | F15: 2.2 | G15: 2.2 | H15: 1.5 | I15: 5.4 | J15: 1 | K15: 2
... A53: 64 | B53: 1.2 | C53: 0.3 | D53: 1 | E53: 20.5 | F53: 0.5 | G53: 0.9 | H53: 1.3 | I53: 73.9 | J53: 0.1 | K53: 0.3
A54: Lecture : En 2024, 91,8 % des personnes âgées de 15 ans sont inactives hors halo et non inscrites à France Travail.
A55: Champ : France hors Mayotte, personnes âgées de 15 à 64 ans, vivant dans un logement ordinaire.
A56: Source : Dares-Insee-France Travail, appariement du Fichier historique statistique et de l'enquête Emploi.

Sheet Figure 7
A1: Figure 7 – Caractéristiques des chômeurs au sens du BIT en 2024, selon la catégorie d’inscription à France Travail
I2: en %
A3: Caractéristiques | B3: Chômeur | H3: Catégorie A | I3: Chômeur
B4: Catégorie A | C4: Catégorie B ou C | D4: Catégorie D ou E | E4: Inscrits au moins une fois entre 2016 et 2024 | G4: Jamais inscrits entre 2016 et 2024
E5: Inscrits | F5: Non inscrits
E6: Le mois précédent ou suivant le mois d'enquête
A7: Nombre d'individus (en milliers) | B7: 1427 | C7: 240 | D7: 99 | E7: 17 | F7: 139 | G7: 368 | H7: 2893 | I7: 2290
A8: En part de la catégorie A | B8: 49 | C8: /// | D8: /// | E8: /// | F8: /// | G8: /// | H8: 100 | I8: ///
A9: En part du statut d'activité BIT | B9: 62 | C9: 11 | D9: 4 | E9: 1 | F9: 6 | G9: 16 | H9: /// | I9: 100
A10: Femmes | B10: 48 | C10: 48 | D10: 51 | E10: 45 | F10: 46 | G10: 50 | H10: 53 | I10: 49
A11: Hommes | B11: 52 | C11: 52 | D11: 49 | E11: 55 | F11: 54 | G11: 50 | H11: 47 | I11: 51
A12: De 15 à 24 ans, dont : | B12: 17 | C12: 19 | D12: 12 | E12: 48 | F12: 34 | G12: 74 | H12: 15 | I12: 28
A13: En cours d'études | B13: 1 | C13: 1 | D13: 1 | E13: 6 | F13: 5 | G13: 45 | H13: 1 | I13: 8
A14: De 25 à 49 ans | B14: 58 | C14: 62 | D14: 66 | E14: 44 | F14: 55 | G14: 20 | H14: 57 | I14: 52
A15: De 50 à 64 ans | B15: 25 | C15: 19 | D15: 22 | E15: 8 | F15: 12 | G15: 6 | H15: 29 | I15: 21
A16: Se déclare spontanément chômeur | B16: 91 | C16: 74 | D16: 77 | E16: 61 | F16: 52 | G16: 28 | H16: 72 | I16: 76
A17: Se déclare spontanément en emploi | B17: 2 | C17: 19 | D17: 5 | E17: 18 | F17: 18 | G17: 12 | H17: 7 | I17: 6
A18: Se déclare spontanément inactif | B18: 7 | C18: 8 | D18: 19 | E18: 21 | F18: 30 | G18: 61 | H18: 21 | I18: 18
A19: Se déclare inscrit à France Travail | B19: 99 | C19: 98 | D19: 98 | E19: 1 | F19: 0 | G19: 1 | H19: 92 | I19: 76
A20: Se déclare indemnisé par l'assurance chômage | B20: 62 | C20: 61 | D20: 66 | E20: 1 | F20: 0 | G20: 0 | H20: 53 | I20: 48
A21: Chômeur de courte durée (moins d'un an) | B21: 73 | C21: 91 | D21: 80 | E21: 85 | F21: 80 | G21: 91 | H21: /// | I21: 78
A22: Chômeur de longue durée (de un à deux ans) | B22: 17 | C22: 7 | D22: 11 | E22: 11 | F22: 10 | G22: 4 | H22: /// | I22: 13
A23: Chômeur de très longue durée (plus de deux ans) | B23: 11 | C23: 3 | D23: 9 | E23: 4 | F23: 9 | G23: 5 | H23: /// | I23: 9
A24: Ancienneté moyenne d'inscription à France Travail¹ (en mois) | B24: 18 | C24: 22 | D24: 6 | E24: /// | F24: /// | G24: /// | H24: 19 | I24: ///
A25: Nombre moyen de démarches actives² | B25: 3.7 | C25: 3.4 | D25: 3.5 | E25: 3.5 | F25: 3 | G25: 2.7 | H25: /// | I25: 3.5
A26: Travaille ou a déjà travaillé³ | B26: 94 | C26: 97 | D26: 93 | E26: 89 | F26: 86 | G26: 68 | H26: 93 | I26: 90
A27: En CDI | B27: 39 | C27: 28 | D27: 53 | E27: 33 | F27: 32 | G27: 21 | H27: 41 | I27: 35
A28: En CDD ou en intérim | B28: 47 | C28: 60 | D28: 27 | E28: 44 | F28: 40 | G28: 35 | H28: 44 | I28: 45
A29: En alternance | B29: 5 | C29: 4 | D29: 2 | E29: 6 | F29: 5 | G29: 7 | H29: 4 | I29: 5
A30: Non-salarié | B30: 3 | C30: 5 | D30: 11 | E30: 6 | F30: 10 | G30: 5 | H30: 5 | I30: 5
A31: Cherche un emploi à temps partiel | B31: 11 | C31: 6 | D31: 2 | E31: 20 | F31: 13 | G31: 22 | H31: /// | I31: 12
A32: /// : absence de résultats.
A33: 1. L’ancienneté est mesurée par la durée pendant laquelle la personne a été inscrite à France Travail de façon continue, selon trois groupes : catégorie A, B ou C, catégorie D, catégorie E. Une sortie d’au moins un jour de l'un de ces trois groupes réinitialise l’ancienneté.
A34: 2. Nombre moyen de démarches actives différentes, hors « A contacté France Travail, une mission locale pour trouver un emploi ou a répondu à une de leurs offres d’emploi ».
A35: 3. Nature actuelle de l'emploi pour les personnes en emploi au moment de l'enquête, antérieure pour les personnes inactives ou au chômage au moment de l'enquête et ayant déjà travaillé.
A36: Lecture : En 2024, parmi les 1,427 million de chômeurs au sens du BIT inscrits en catégorie A, 48 % sont des femmes et 17 % sont âgés de 15 à 24 ans.
A37: Champ : France hors Mayotte, chômeurs au sens du BIT ou inscrits à France Travail en catégorie A, âgés de 15 à 64 ans, vivant dans un logement ordinaire.
A38: Source : Dares-Insee-France Travail, appariement du Fichier historique statistique et de l'enquête Emploi.

Sheet Figure 8
A1: Figure 8 – Évolution du nombre de personnes inscrites à France Travail en catégorie A ou au chômage au sens du BIT entre 2021 et 2024
I2: en milliers de personnes
A3: Catégories | B3: Niveaux | D3: Évolution 2021-2024
B4: 2024 | C4: 2021 | D4: Ensemble | E4: De 15 à 24 ans | F4: De 25 à 49 ans | G4: De 50 à 64 ans | H4: Inférieur au bac | I4: Bac ou plus
A5: Inscrits en catégorie A et non chômeurs (1) | B5: 1466 | C5: 1763 | D5: -297 | E5: -85 | F5: -141 | G5: -71 | H5: -211 | I5: -86
A6: Inactifs dans le halo | B6: 727 | C6: 866 | D6: -139 | E6: -23 | F6: -81 | G6: -35 | H6: -113 | I6: -26
A7: Inactifs hors halo | B7: 503 | C7: 568 | D7: -65 | E7: -23 | F7: -13 | G7: -29 | H7: -50 | I7: -14
A8: En emploi | B8: 236 | C8: 329 | D8: -93 | E8: -40 | F8: -47 | G8: -7 | H8: -47 | I8: -46
A9: Inscrits en catégorie A et chômeurs (2) | B9: 1427 | C9: 1614 | D9: -187 | E9: -35 | F9: -121 | G9: -31 | H9: -152 | I9: -35
A10: Chômeurs et non inscrits en catégorie A (3) | B10: 863 | C10: 758 | D10: 105 | E10: 75 | F10: 33 | G10: -3 | H10: 7 | I10: 98
A11: Non inscrits à France Travail | B11: 524 | C11: 435 | D11: 89 | E11: 73 | F11: 16 | G11: 0 | H11: 32 | I11: 56
A12: Inscrits en catégorie B ou C | B12: 240 | C12: 224 | D12: 16 | E12: 7 | F12: 9 | G12: 0 | H12: -12 | I12: 29
A13: Inscrits en catégorie D ou E | B13: 99 | C13: 99 | D13: 0 | E13: -5 | F13: 7 | G13: -3 | H13: -13 | I13: 13
A14: Inscrits en catégorie A (4)=(1)+(2) | B14: 2893 | C14: 3377 | D14: -484 | E14: -120 | F14: -262 | G14: -101 | H14: -363 | I14: -121
A15: Chômeurs au sens du BIT (2)+(3) | B15: 2290 | C15: 2372 | D15: -82 | E15: 40 | F15: -88 | G15: -33 | H15: -145 | I15: 63
A16: Écart entre inscrits en catégorie A et chômeurs (1)-(3) | B16: 603 | C16: 1005 | D16: -402 | E16: -160 | F16: -174 | G16: -68 | H16: -217 | I16: -185
A17: Part des chômeurs parmi les inscrits en catégorie A (2)/(4) (en %) | B17: 49.3 | C17: 47.8 | D17: 1.5 | E17: 3.6 | F17: 0.4 | G17: 1.6 | H17: 0.2 | I17: 2.1
A18: Lecture : En 2024, on dénombre 727 000 inscrits en catégorie A à France Travail et dans le halo du chômage, soit une diminution de 139 000 personnes par rapport à 2021. Parmi les personnes de 15 à 24 ans, ce nombre recule de 23 000.
A19: Champ : France hors Mayotte, personnes âgées de 15 à 64 ans, inscrites en catégorie A ou au chômage au sens du BIT, vivant dans un logement ordinaire.
A20: Source : Dares-Insee-France Travail, appariement du Fichier historique statistique et de l'enquête Emploi.

Sheet Méthodes – Figure
A1: Méthodes Figure – Nombre de chômeurs au sens du BIT et d’inscrits à France Travail en catégorie A de 2016 à 2024, selon la source employée
J2: en milliers de personnes, en moyenne sur l’année
A3: Source employée | B3: 2016 | C3: 2017 | D3: 2018 | E3: 2019 | F3: 2020 | G3: 2021 | H3: 2022 | I3: 2023 | J3: 2024
A4: Chômeurs au sens du BIT :
A5: Appariement | B5: 2983 | C5: 2792 | D5: 2696 | E5: 2516 | F5: 2383 | G5: 2372 | H5: 2222 | I5: 2247 | J5: 2290
A6: Inscrits en catégorie A :
A7: Statistiques du marché du travail (sans recul) | B7: 3768 | C7: 3730 | D7: 3680 | E7: 3588 | F7: 3900 | G7: 3570 | H7: 3104 | I7: 2985 | J7: 3014
A8: Fichier historique statistique (avec recul) | B8: 3668 | C8: 3631 | D8: 3586 | E8: 3498 | F8: 3806 | G8: 3478 | H8: 3023 | I8: 2913 | J8: 2968
A9: Appariement | B9: 3784 | C9: 3734 | D9: 3656 | E9: 3446 | F9: 3654 | G9: 3378 | H9: 3077 | I9: 2926 | J9: 2893
A10: Note : Par construction de l’appariement, les courbes relatives aux chômeurs au sens du BIT et issues des données individuelles initiales et de l'appariement se confondent.
A11: Lecture : En 2024, d'après les données issues de l'appariement, en moyenne 2,290 millions de personnes sont au chômage au sens du BIT et 2,893 millions sont inscrites en catégorie A à France Travail.
A12: Champ : France hors Mayotte, personnes âgées de 15 à 64 ans (et vivant dans un logement ordinaire pour l'enquête Emploi).
A13: Sources : Insee, enquête Emploi, séries longues ; France Travail, Fichier historique statistique (FHS), STMT ; Dares-Insee-France Travail, appariement du FHS et de l'enquête Emploi.

Sheet Encadré 2 – Figure
A1: Encadré 2 Figure – Évolution de la répartition des inscrits à France Travail en catégorie A, selon le statut au sens du BIT et l'appariement retenu, de 2013 à 2024
I2: en %
A3: Année | B3: Appariement 2016-2024 | F3: Appariement 2013-2017
B4: En emploi | C4: Chômeur | D4: Dans le halo | E4: Inactifs hors halo | F4: En emploi | G4: Chômeur | H4: Dans le halo | I4: Inactifs hors halo
A5: 2013 | B5: /// | C5: /// | D5: /// | E5: /// | F5: 9 | G5: 64 | H5: 16 | I5: 11
A6: 2014 | B6: /// | C6: /// | D6: /// | E6: /// | F6: 9 | G6: 63 | H6: 17 | I6: 12
A7: 2015 | B7: /// | C7: /// | D7: /// | E7: /// | F7: 8 | G7: 61 | H7: 19 | I7: 12
A8: 2016 | B8: 9 | C8: 57 | D8: 22 | E8: 12 | F8: 8 | G8: 59 | H8: 19 | I8: 13
A9: 2017 | B9: 10 | C9: 54 | D9: 23 | E9: 14 | F9: 9 | G9: 56 | H9: 20 | I9: 16
A10: 2018 | B10: 11 | C10: 52 | D10: 23 | E10: 14 | F10: /// | G10: /// | H10: /// | I10: ///
A11: 2019 | B11: 10 | C11: 50 | D11: 24 | E11: 16 | F11: /// | G11: /// | H11: /// | I11: ///
A12: 2020 | B12: 10 | C12: 47 | D12: 29 | E12: 15 | F12: /// | G12: /// | H12: /// | I12: ///
A13: 2021 | B13: 10 | C13: 48 | D13: 25 | E13: 17 | F13: /// | G13: /// | H13: /// | I13: ///
A14: 2022 | B14: 9 | C14: 47 | D14: 25 | E14: 18 | F14: /// | G14: /// | H14: /// | I14: ///
A15: 2023 | B15: 8 | C15: 49 | D15: 26 | E15: 17 | F15: /// | G15: /// | H15: /// | I15: ///
A16: 2024 | B16: 8 | C16: 50 | D16: 25 | E16: 17 | F16: /// | G16: /// | H16: /// | I16: ///
A17: /// : absence de résultats.
A18: Lecture : En 2016, 57 % des inscrits à France Travail en catégorie A en France métropolitaine sont chômeurs au sens du BIT selon l'appariement 2016-2024, 59 % selon l'appariement 2013-2017.
A19: Champ : France métropolitaine, inscrits en catégorie A âgés de 15 à 64 ans, vivant dans un logement ordinaire.
A20: Source : Dares-Insee-France Travail, appariement du Fichier historique statistique et de l'enquête Emploi.

Sheet Encadré 3 – Figure A
A1: Encadré 3 Figure A – Statut d'emploi antérieur des personnes au chômage ou dans le halo du chômage en 2024, selon l'âge et la catégorie d'inscription à France Travail
K2: en %
A3: Caractéristiques | B3: De 15 à 24 ans | E3: De 25 à 49 ans | H3: De 50 à 64 ans | K3: Ensemble
B4: Catégorie A | C4: Catégories B à E | D4: Non inscrits | E4: Catégorie A | F4: Catégories B à E | G4: Non inscrits | H4: Catégorie A | I4: Catégories B à E | J4: Non inscrits
A5: Nombre d'individus (en milliers) | B5: 333 | C5: 83 | D5: 788 | E5: 1263 | F5: 357 | G5: 461 | H5: 559 | I5: 117 | J5: 170 | K5: 4130
A6: En part de la classe d'âge | B6: 4 | C6: 1 | D6: 10 | E6: 6 | F6: 2 | G6: 2 | H6: 4 | I6: 1 | J6: 1 | K6: 100
A7: En part de la classe d'âge au chômage ou dans son halo | B7: 28 | C7: 7 | D7: 65 | E7: 61 | F7: 17 | G7: 22 | H7: 66 | I7: 14 | J7: 20 | K7: 100
A8: A déjà travaillé | B8: 82 | C8: 87 | D8: 52 | E8: 95 | F8: 96 | G8: 83 | H8: 98 | I8: 99 | J8: 96 | K8: 85
A9: En CDI | B9: 13 | C9: 18 | D9: 10 | E9: 41 | F9: 42 | G9: 36 | H9: 55 | I9: 49 | J9: 48 | K9: 34
A10: En CDD ou en intérim | B10: 53 | C10: 54 | D10: 34 | E10: 47 | F10: 45 | G10: 33 | H10: 40 | I10: 42 | J10: 31 | K10: 42
A11: En alternance | B11: 15 | C11: 12 | D11: 7 | E11: 3 | F11: 1 | G11: 3 | H11: 0 | I11: 0 | J11: 0 | K11: 4
A12: Non-salarié | B12: 1 | C12: 2 | D12: 1 | E12: 4 | F12: 8 | G12: 11 | H12: 3 | I12: 9 | J12: 17 | K12: 5
A13: Lecture : En 2024, parmi les 333 000 personnes âgées de moins de 25 ans inscrites en catégorie A, au chômage ou dans son halo, 82 % ont déjà travaillé ; 13 % étaient en CDI lors de leur dernier emploi.
A14: Champ : France hors Mayotte, personnes âgées de 15 à 64 ans au chômage au sens du BIT ou dans le halo du chômage, vivant dans un logement ordinaire.
A15: Source : Dares-Insee-France Travail, appariement du Fichier historique statistique et de l'enquête Emploi.

Sheet Encadré 3 – Figure B
A1: Encadré 3 Figure B – Inscription à France Travail et recherche active d'emploi des personnes au chômage ou dans son halo en 2024, et variation par rapport à 2021, selon l'âge
A3: Caractéristiques | B3: 2024 (en %) | F3: Variation 2021-2024 (en points de %)
B4: De 15 à 24 ans | C4: De 25 à 49 ans | D4: De 50 à 64 ans | E4: Ensemble | F4: De 15 à 24 ans | G4: De 25 à 49 ans | H4: De 50 à 64 ans | I4: Ensemble
A5: Nombre d'individus (en milliers) | B5: 1204 | C5: 2081 | D5: 845 | E5: 4130 | F5: 112 | G5: -169 | H5: -81 | I5: -137
A6: En part de la classe d'âge | B6: 15 | C6: 10 | D6: 7 | E6: 10 | F6: 1 | G6: -1 | H6: -1 | I6: 0
A7: En part des personnes au chômage ou dans le halo | B7: 29 | C7: 50 | D7: 21 | E7: 100 | F7: 4 | G7: -2 | H7: -1 | I7: 0
A8: Inscrit à France Travail | B8: 35 | C8: 78 | D8: 80 | E8: 66 | F8: -6 | G8: -3 | H8: -2 | I8: -5
A9: Recherche activement un emploi1, dont : | B9: 63 | C9: 64 | D9: 60 | E9: 63 | F9: 0 | G9: 2 | H9: 2 | I9: 1
A10: A contacté France Travail, une mission locale pour trouver un emploi ou a répondu à une de leurs offres d’emploi | B10: 28 | C10: 44 | D10: 44 | E10: 39 | F10: -3 | G10: 2 | H10: 4 | I10: 0
A11: A contacté une agence d’intérim ou un opérateur privé de placement ou répondu à une de leurs offres d’emploi | B11: 23 | C11: 26 | D11: 23 | E11: 24 | F11: 2 | G11: 2 | H11: 1 | I11: 2
A12: A fait appel à son entourage (famille, amis, collègues, syndicats, etc.) pour l’aider dans ses recherches d’emploi | B12: 41 | C12: 37 | D12: 35 | E12: 38 | F12: -1 | G12: 1 | H12: 1 | I12: 1
A13: A déposé ou actualisé son CV sur Internet | B13: 40 | C13: 40 | D13: 34 | E13: 39 | F13: 2 | G13: 4 | H13: 4 | I13: 3
A14: A passé une annonce pour trouver un emploi ou répondu à une offre d’emploi | B14: 26 | C14: 29 | D14: 25 | E14: 27 | F14: 0 | G14: 3 | H14: 1 | I14: 2
A15: A étudié des offres d’emploi | B15: 48 | C15: 54 | D15: 49 | E15: 51 | F15: -1 | G15: 2 | H15: 0 | I15: 1
A16: A passé un test ou un entretien d’embauche | B16: 22 | C16: 18 | D16: 13 | E16: 18 | F16: 3 | G16: 2 | H16: 2 | I16: 3
... A19: Nombre moyen de démarches actives2 | B19: 3.7 | C19: 3.7 | D19: 3.4 | E19: 3.6 | F19: 0.1 | G19: 0.2 | H19: 0.2 | I19: 0.2
A21: 1. La modalité « A passé un concours pour entrer dans le secteur public », mentionnée dans moins de 2 % des cas quelle que soit la classe d'âge n'est pas représentée ici.
A22: 2. Nombre moyen de démarches actives différentes, hors « A contacté France Travail, une mission locale pour trouver un emploi ou a répondu à une de leurs offres d’emploi ».
A23: Lecture : En 2024, parmi les 1,204 million de personnes âgées de 15 à 24 ans au chômage au sens du BIT ou dans le halo du chômage, 35 % sont inscrites à France Travail (en catégorie A, B, C, D ou E) et 63 % ont recherché activement un emploi au cours des quatre dernières semaines.
A24: Champ : France hors Mayotte, personnes âgées de 15 à 64 ans au chômage au sens du BIT ou dans son halo, vivant dans un logement ordinaire.
A25: Source : Dares-Insee-France Travail, appariement du Fichier historique statistique et de l'enquête Emploi.
